domain_id,class,fold,superfamily,family,rmsd,mca_score
d4bcda1,b,69,7,1,"(np.float32(3.3998592e-06), 430)",311.0741003504643
d2zgya1,c,55,1,1,"(np.float32(15.50894), 157)",104.95103330242303
d5efza_,c,69,1,0,"(np.float32(21.071638), 347)",125.21545187406501
d2rbca_,c,72,1,0,"(np.float32(16.860012), 306)",144.59970945110737
d3ddja2,d,37,1,1,"(np.float32(15.883623), 132)",85.72351848496193
d2en2a1,g,37,1,1,"(np.float32(6.197365), 27)",4.129487187060947
d1neua_,b,1,1,1,"(np.float32(12.511172), 115)",81.4024498265279
d1rlwa_,b,7,1,1,"(np.float32(14.778325), 128)",105.92868453193516
d5sv5a_,b,18,1,0,"(np.float32(11.716889), 105)",79.87650958445607
d2g3ra1,b,34,9,1,"(np.float32(7.7905836), 53)",16.292018742119268
d1wjra1,b,34,9,3,"(np.float32(12.30405), 114)",66.5129312910679
d6xlra2,b,69,1,1,"(np.float32(20.768057), 387)",146.70965583665426
d5gmkn1,b,69,4,1,"(np.float32(14.15135), 276)",114.17860015795961
d1erja_,b,69,4,1,"(np.float32(17.175022), 350)",124.27188431772078
d6e1za_,b,69,4,0,"(np.float32(13.726534), 307)",123.5789390929116
d7kn8a2,b,69,13,0,"(np.float32(13.646227), 321)",143.25105245599966
d2hu7a1,b,69,7,2,"(np.float32(14.500937), 313)",142.67607462759517
d3ivma1,b,69,7,0,"(np.float32(12.467817), 411)",192.74092335449845
d2bkla1,b,69,7,0,"(np.float32(12.324594), 411)",187.622954527932
d1yr2a1,b,69,7,0,"(np.float32(14.767734), 407)",164.14632547939001
d7ne5a1,b,69,7,0,"(np.float32(12.693208), 410)",172.81896006522933
d5n4fa2,b,69,7,1,"(np.float32(13.414987), 430)",187.46946431005395
