domain_id,class,fold,superfamily,family,rmsd,mca_score
d7dhfa1,c,44,1,0,"(np.float32(1.211657e-06), 145)",244.2451336510801
d4e9sa3,b,6,1,3,"(np.float32(16.084425), 145)",112.67201835319362
d2wsda1,b,6,1,0,"(np.float32(15.325455), 145)",104.30255421747835
d3dl3a1,b,82,2,13,"(np.float32(13.031873), 96)",49.44107899022397
d1e3pa7,d,101,1,1,"(np.float32(14.410311), 96)",60.22502815659757
d5my6a2,g,3,9,0,"(np.float32(20.29035), 145)",72.58102443146151
d1wmaa1,c,2,1,2,"(np.float32(15.561728), 145)",117.04963104447828
d1g5qa_,c,34,1,1,"(np.float32(13.0150175), 145)",135.14116519674457
d7kg8a_,c,50,1,3,"(np.float32(14.376789), 145)",112.20421102848981
d3i33a1,c,55,1,1,"(np.float32(13.390981), 145)",128.0889095156917
d5tu0a_,c,94,1,0,"(np.float32(14.919387), 145)",122.15567598783124
d1iiba_,c,44,2,1,"(np.float32(8.767215), 103)",72.0484261046293
d2kyra_,c,44,2,0,"(np.float32(8.927674), 108)",61.155767674128256
d1yvua3,c,44,3,1,"(np.float32(13.592597), 145)",124.92670773083638
d1u04a3,c,44,3,1,"(np.float32(15.917304), 145)",121.81917579035073
d4g0xa1,c,44,3,0,"(np.float32(16.03692), 145)",118.87630843017871
d1y1la_,c,44,1,1,"(np.float32(11.424495), 124)",100.32954684668799
d1jf8a_,c,44,1,1,"(np.float32(10.675478), 130)",98.55309771136204
d7kh8a1,c,44,1,1,"(np.float32(6.1610317), 145)",130.94706627518988
d4etna1,c,44,1,0,"(np.float32(4.859799), 145)",129.88084097969636
d3rh0a_,c,44,1,0,"(np.float32(10.293885), 128)",94.0591087807153
d1u2pa_,c,44,1,0,"(np.float32(5.707133), 145)",138.05048469021324
d2myna_,c,44,1,0,"(np.float32(10.927805), 131)",109.3682775700103
d6u1pa_,c,44,1,0,"(np.float32(13.518975), 145)",112.70327156894102
